INSERT INTO cyrene_admin.sys_menu (id,menu_name,permission_code,router_path,parent_id,menu_type,is_menu,menu_status,component_path,is_external_link,icon_path,sort,create_by,create_time,update_by,update_time,is_deleted,revision) VALUES
                                                                                                                                                                                                                                        (1699771910151151618,'菜单管理','system:admin:menu','/admin/sys-menu-manager',1393000177613242368,1,1,0,'3',0,'Menu',65,1699771308310499328,'2022-03-08 05:57:24',1699771308310499328,'2025-07-10 22:46:08',0,NULL),
                                                                                                                                                                                                                                        (1150129636463624192,'个人中心',':admin:user-center','/admin/sys-user-center',0,1,1,1,'',0,'Apple',98,1699771308310499328,'2023-09-09 18:04:34',1699771308310499328,'2025-12-08 12:09:33',0,NULL),
                                                                                                                                                                                                                                        (1150130227206176768,'角色管理',':admin:role-manager','/admin/sys-role-manager',1393000177613242368,1,1,0,'',0,'UserFilled',60,1699771308310499328,'2023-09-09 18:06:55',1699771308310499328,'2025-12-08 12:11:56',0,NULL),
                                                                                                                                                                                                                                        (1150191026649972736,'用户管理',':admin:user-manager','/admin/sys-user-manager',1393000177613242368,1,1,0,'',0,'User',70,1699771308310499328,'2023-09-09 22:08:30',1699771308310499328,'2025-07-10 22:45:59',0,NULL),
                                                                                                                                                                                                                                        (1150266364558065664,'权限管理',':admin:permission-manager','/admin/sys-permission-manager',1393000177613242368,1,1,0,'',0,'Operation',63,1699771308310499328,'2023-09-10 03:07:52',1699771308310499328,'2025-07-12 00:05:37',0,NULL),
                                                                                                                                                                                                                                        (1150464392514519040,'字典管理',':admin:dictionary-manager','/admin/sys-dictionary-manager',1393000177613242368,1,1,0,'',0,'Notebook',50,1699771308310499328,'2023-09-10 16:14:46',1699771308310499328,'2025-07-11 22:48:11',0,NULL),
                                                                                                                                                                                                                                        (1150484898768764928,'系统日志',':admin:log-manager','/admin/sys-log-manager',1393000177613242368,1,1,0,'',0,'Monitor',10,1699771308310499328,'2023-09-10 17:36:15',1699771308310499328,'2025-12-08 12:12:03',0,NULL),
                                                                                                                                                                                                                                        (1150500181449392128,'文件管理',':admin:sys-file-manager','/admin/sys-file-manager',0,1,1,0,'',0,'FolderOpened',20,1699771308310499328,'2023-09-10 18:36:59',1699771308310499328,'2025-12-08 12:09:18',1,NULL),
                                                                                                                                                                                                                                        (1150551297079918592,'文件回收站',':admin:sys-recycle-manage','/admin/sys-recycle-manager',0,1,1,0,'',0,'FolderDelete',15,1699771308310499328,'2023-09-10 22:00:05',1699771308310499328,'2025-12-08 12:09:17',1,NULL),
                                                                                                                                                                                                                                        (1150555102374805504,'版本管理',':admin:sys-version-manager','/admin/sys-version-manager',0,1,1,0,'',0,'MostlyCloudy',9,1699771308310499328,'2023-09-10 22:15:13',1699771308310499328,'2025-12-08 08:57:16',1,NULL);
INSERT INTO cyrene_admin.sys_menu (id,menu_name,permission_code,router_path,parent_id,menu_type,is_menu,menu_status,component_path,is_external_link,icon_path,sort,create_by,create_time,update_by,update_time,is_deleted,revision) VALUES
                                                                                                                                                                                                                                        (1150560507641479168,'服务监控',':admin:dashboard','/admin/dashboard',0,1,1,0,'',0,'Monitor',99,1699771308310499328,'2023-09-10 22:36:41',1699771308310499328,'2023-09-10 22:51:35',0,NULL),
                                                                                                                                                                                                                                        (1150563411119063040,'系统首页',':admin:home','/admin/home',0,1,1,0,'',0,'HomeFilled',1,1699771308310499328,'2023-09-10 22:48:14',1699771308310499328,'2025-12-08 12:16:09',0,NULL),
                                                                                                                                                                                                                                        (1255529801813753856,'ceshi','ceshi',NULL,0,0,0,0,NULL,0,NULL,4,1699771308310499328,'2024-06-26 14:27:11',1699771308310499328,'2024-06-26 14:27:14',1,NULL),
                                                                                                                                                                                                                                        (1255211293510893568,'VIP','ps:vip',NULL,0,1,0,0,NULL,0,NULL,1,1699771308310499328,'2024-06-25 17:21:33',1699771308310499328,'2024-06-25 17:21:33',0,NULL),
                                                                                                                                                                                                                                        (1255529682687131648,'测试',':tester','/tester',0,1,1,0,'',0,'Aim',1,1699771308310499328,'2024-06-26 14:26:43',1699771308310499328,'2024-06-26 14:26:55',1,NULL),
                                                                                                                                                                                                                                        (1255199758382170112,'SVIP','ps:svip','',0,1,0,0,'',0,'',2,1699771308310499328,'2024-06-25 16:35:43',1699771308310499328,'2024-06-25 17:21:41',0,NULL),
                                                                                                                                                                                                                                        (1393000177613242368,'系统管理',':sys-manager','/sys-manager',0,0,1,0,'',0,'Grid',2,1699771308310499328,'2025-07-10 22:45:23',1699771308310499328,'2025-12-08 12:16:31',0,NULL);
INSERT INTO cyrene_admin.sys_role (id,role_name,role_key,remark,sort,create_by,create_time,update_by,update_time,is_deleted,revision) VALUES
                                                                                                                                          (1699771910151151616,'超级管理员','role:super:admin',NULL,NULL,1699771308310499328,'2023-09-07 21:10:17',NULL,NULL,0,NULL),
                                                                                                                                          (1150175648716701696,'普通用户','simple:user',NULL,1,1699771308310499328,'2023-09-09 21:07:24',1699771308310499328,'2023-09-09 21:07:24',0,NULL),
                                                                                                                                          (1255197419386601472,'测试员','role:tester',NULL,3,1699771308310499328,'2024-06-25 16:26:25',1699771308310499328,'2024-06-25 16:26:25',0,NULL);
INSERT INTO cyrene_admin.sys_role_menu (id,role_id,menu_id) VALUES
                                                                (1393007717457690632,1699771910151151616,1150555102374805504),
                                                                (1393007717457690631,1699771910151151616,1150484898768764928),
                                                                (1393007717457690630,1699771910151151616,1150500181449392128),
                                                                (1152708680044527620,1150175648716701696,1150551297079918592),
                                                                (1393007717457690629,1699771910151151616,1150464392514519040),
                                                                (1393007717457690628,1699771910151151616,1150130227206176768),
                                                                (1393007717457690627,1699771910151151616,1150266364558065664),
                                                                (1393007717457690626,1699771910151151616,1699771910151151618),
                                                                (1393007717457690625,1699771910151151616,1150191026649972736),
                                                                (1152708680044527619,1150175648716701696,1150500181449392128);
INSERT INTO cyrene_admin.sys_role_menu (id,role_id,menu_id) VALUES
                                                                (1152708680044527618,1150175648716701696,1150129636463624192),
                                                                (1152708680044527617,1150175648716701696,1150563411119063040),
                                                                (1393007717457690624,1699771910151151616,1150560507641479168),
                                                                (1255223135469731840,1255197419386601472,1255211293510893568),
                                                                (1255223135465537536,1255197419386601472,1150560507641479168),
                                                                (1393007717457690633,1699771910151151616,1393000177613242368);
INSERT INTO cyrene_admin.sys_user (id,username,nickname,password,sex,email,mobile_phone,account_status,avatar,last_login_ip,last_login_time,create_by,create_time,update_by,update_time,is_deleted,revision) VALUES
                                                                                                                                                                                                                 (1699771308310499328,'admin','admin@cocotea','BD4D0EFF684A1787AF155BF6D1980D1FAB92B5581F9CBA0634890E33AE531328',0,'caadmin@qq.com','13899998888',1,'650c74c32088821487c0b4d8_微信图片_20230921232652.png','0:0:0:0:0:0:0:1','2025-12-14 14:52:33',1699771308310499328,'2023-09-07 21:07:55',1699771308310499328,'2025-12-14 15:18:11',0,NULL),
                                                                                                                                                                                                                 (1449777875075072000,'tester','tester','admin#123456',2,'tester@qq.com',NULL,1,NULL,NULL,NULL,1699771308310499328,'2025-12-14 14:59:41',1699771308310499328,'2025-12-14 14:59:41',0,NULL);
INSERT INTO cyrene_admin.sys_user_role (id,user_id,role_id) VALUES
                                                                (1449781848104370176,1699771308310499328,1255197419386601472),
                                                                (1449781848016289792,1699771308310499328,1699771910151151616),
                                                                (1262416640579371008,1262416640516456448,1150175648716701696),
                                                                (1255529577607233536,1255193297551785984,1150175648716701696),
                                                                (1255207984641245184,1255193297551786000,1150175648716701696),
                                                                (1255523337372073984,1255523337351102464,1150175648716701696),
                                                                (1262415845557436416,1262415845528076288,1150175648716701696),
                                                                (1449777875226066944,1449777875075072000,1255197419386601472),
                                                                (1449777875272204288,1449777875075072000,1150175648716701696),
                                                                (1449781848200839168,1699771308310499328,1150175648716701696);
